"esm.IDnum.w1","esm.fileDate.w1","esm.PRO03.w1","esm.PRO02.w1"
1,20121009,1,6
1,20121009,2,2
1,20121009,3,3
1,20121010,1,1
1,20121010,2,2
1,20121010,3,3
1,20121010,4,4
1,20121011,1,1
1,20121011,2,2
1,20121011,3,3
1,20121011,4,4
1,20121012,1,1
1,20121012,2,2
1,20121012,3,3
1,20121013,1,1
1,20121013,2,2
1,20121013,3,3
1,20121013,4,4
1,20121014,1,1
1,20121014,2,2
1,20121014,3,3
1,20121014,4,4
1,20121015,1,1
1,20121015,2,2
1,20121015,4,4
1,20121016,4,4
1,20121017,1,1
1,20121017,3,3
1,20121017,4,4
1,20121018,1,1
1,20121019,2,2
1,20121019,3,3
1,20121019,4,4
1,20121020,1,1
1,20121020,3,3
1,20121021,2,2
1,20121021,3,3
1,20121022,1,1
1,20121022,2,2
1,20121022,3,3
2,20121012,1,6
2,20121014,2,2
2,20121014,3,3
2,20121015,1,1
2,20121015,4,4
2,20121016,2,2
2,20121016,4,4
2,20121017,2,2
2,20121017,3,3
2,20121018,1,1
2,20121018,2,2
2,20121018,3,3
2,20121022,1,1
2,20121023,1,1
2,20121026,1,1
4,20121009,1,6
4,20121009,2,2
4,20121009,3,3
4,20121010,1,1
4,20121010,2,2
4,20121010,3,3
4,20121010,4,4
4,20121011,1,1
4,20121011,2,2
4,20121011,3,3
4,20121011,4,4
4,20121012,4,4
4,20121014,3,3
4,20121015,1,1
4,20121015,2,2
4,20121015,3,3
4,20121015,4,4
4,20121016,2,2
4,20121016,3,3
4,20121016,4,4
4,20121017,1,1
4,20121017,3,3
4,20121017,4,4
4,20121018,4,4
4,20121020,3,3
4,20121020,4,4
4,20121021,2,2
4,20121021,3,3
4,20121021,4,4
4,20121022,2,2
4,20121022,4,4
4,20121023,1,1
5,20121012,2,6
5,20121012,3,3
5,20121012,4,4
5,20121013,1,1
5,20121013,2,2
5,20121013,3,3
5,20121013,4,4
5,20121014,1,1
5,20121014,2,2
5,20121014,3,3
5,20121014,4,4
5,20121015,1,1
5,20121015,2,2
5,20121015,3,3
5,20121015,4,4
5,20121016,2,2
5,20121016,3,3
5,20121016,4,4
5,20121017,1,1
5,20121017,2,2
5,20121017,3,3
5,20121017,4,4
5,20121018,1,1
5,20121018,2,2
5,20121018,3,3
5,20121019,2,2
5,20121019,4,4
5,20121020,1,1
5,20121020,2,2
5,20121020,3,3
5,20121020,4,4
5,20121021,3,3
5,20121021,4,4
5,20121022,2,2
5,20121022,3,3
5,20121022,4,4
5,20121023,2,2
5,20121023,3,3
5,20121023,4,4
5,20121024,1,1
5,20121024,2,2
5,20121024,3,3
5,20121025,1,1
5,20121025,3,3
5,20121026,1,1
5,20121026,2,2
5,20121026,3,5
6,20121009,1,6
6,20121010,2,2
6,20121010,3,3
6,20121011,1,1
6,20121011,3,3
6,20121013,1,1
6,20121014,1,1
6,20121015,4,4
6,20121017,2,2
6,20121017,4,4
6,20121023,3,5
7,20121009,2,6
7,20121010,2,2
7,20121010,3,3
7,20121010,4,4
7,20121011,1,1
7,20121011,2,2
7,20121011,3,3
7,20121011,4,4
8,20121013,1,6
8,20121013,2,2
8,20121013,3,3
8,20121013,4,4
8,20121014,1,1
8,20121014,2,2
8,20121014,3,3
8,20121014,4,4
8,20121015,1,1
8,20121015,2,2
8,20121015,3,3
8,20121015,4,4
8,20121016,2,2
8,20121016,3,3
8,20121016,4,4
8,20121017,1,1
8,20121017,2,2
8,20121017,3,3
8,20121017,4,4
8,20121018,1,1
8,20121018,2,2
8,20121018,3,3
8,20121018,4,4
8,20121019,2,2
8,20121019,3,3
8,20121019,4,4
8,20121020,1,1
8,20121020,2,2
8,20121020,3,3
8,20121020,4,4
8,20121021,1,1
8,20121021,2,2
8,20121021,3,3
8,20121021,4,4
8,20121022,1,1
8,20121022,2,2
8,20121023,1,1
8,20121023,2,2
8,20121024,1,1
8,20121024,2,2
8,20121024,3,3
8,20121025,2,2
8,20121025,3,3
8,20121025,4,4
8,20121026,1,1
8,20121026,2,2
8,20121026,3,3
8,20121026,4,4
8,20121027,1,1
8,20121027,2,2
8,20121027,3,3
8,20121027,4,4
10,20121016,2,6
10,20121017,2,2
10,20121018,2,2
10,20121022,1,1
11,20121012,1,6
11,20121012,3,3
11,20121012,4,4
11,20121013,1,1
11,20121013,2,2
11,20121014,2,2
11,20121014,3,3
11,20121014,4,4
11,20121015,1,1
11,20121015,2,2
11,20121015,3,3
11,20121016,3,3
11,20121016,4,4
11,20121017,1,1
11,20121017,2,2
11,20121017,4,4
11,20121018,1,1
11,20121018,2,2
11,20121019,2,2
11,20121020,4,4
11,20121021,2,2
11,20121021,4,4
11,20121022,3,3
11,20121022,4,4
11,20121023,2,2
11,20121023,3,3
11,20121025,3,3
11,20121026,1,1
12,20121113,1,6
12,20121113,3,3
12,20121113,4,4
12,20121114,1,1
12,20121114,2,2
12,20121114,3,3
12,20121114,4,4
12,20121115,1,1
12,20121115,2,2
12,20121115,3,3
12,20121115,4,4
12,20121116,2,2
12,20121116,4,4
12,20121117,2,2
12,20121117,4,4
12,20121118,1,1
12,20121118,3,3
12,20121118,4,4
12,20121119,1,1
12,20121119,2,2
12,20121119,3,3
12,20121119,4,4
12,20121120,1,1
12,20121120,2,2
12,20121120,3,3
12,20121120,4,4
17,20121016,1,6
17,20121016,3,3
17,20121016,4,4
17,20121017,1,1
17,20121017,2,2
17,20121017,3,3
17,20121017,4,4
17,20121018,1,1
17,20121018,2,2
17,20121018,3,3
17,20121018,4,4
17,20121019,2,2
17,20121019,3,3
17,20121019,4,4
17,20121020,1,1
17,20121020,3,3
17,20121020,4,4
17,20121021,1,1
17,20121021,2,2
17,20121021,3,3
17,20121021,4,4
17,20121022,1,1
17,20121022,2,2
17,20121022,3,3
17,20121022,4,4
17,20121023,2,2
17,20121023,3,3
17,20121023,4,4
17,20121024,1,1
17,20121024,2,2
17,20121024,4,4
17,20121025,1,1
17,20121025,2,2
17,20121025,3,3
17,20121025,4,4
17,20121026,1,1
17,20121026,2,2
17,20121026,3,3
17,20121026,4,4
17,20121027,1,1
17,20121027,2,2
17,20121027,3,3
17,20121027,4,4
17,20121028,1,1
17,20121028,3,3
17,20121028,4,4
17,20121029,1,1
17,20121029,2,2
17,20121029,3,3
17,20121029,4,4
17,20121030,1,1
17,20121030,2,2
17,20121030,3,3
17,20121030,4,4
18,20121106,3,6
18,20121107,1,1
18,20121107,2,2
18,20121107,3,3
18,20121107,4,4
18,20121108,1,1
18,20121108,2,2
18,20121108,3,3
18,20121108,4,4
18,20121109,1,1
18,20121109,2,2
18,20121109,3,3
18,20121109,4,4
18,20121110,1,1
18,20121110,2,2
18,20121110,3,3
18,20121110,4,4
18,20121111,1,1
18,20121111,2,2
18,20121111,4,4
18,20121112,1,1
18,20121112,2,2
18,20121112,4,4
18,20121113,1,1
18,20121113,3,3
18,20121114,1,1
18,20121114,2,2
18,20121115,1,1
18,20121115,3,3
18,20121115,4,4
18,20121116,2,2
18,20121117,2,2
18,20121117,3,3
18,20121118,2,2
18,20121119,1,1
18,20121119,3,5
19,20121023,1,6
19,20121024,1,1
19,20121024,2,2
19,20121024,3,3
19,20121024,4,4
19,20121025,1,1
19,20121025,2,2
19,20121025,3,3
19,20121025,4,4
19,20121026,1,1
19,20121026,2,2
19,20121026,4,4
19,20121027,1,1
19,20121027,3,3
19,20121027,4,4
19,20121028,1,1
19,20121028,2,2
19,20121028,3,3
19,20121028,4,4
19,20121029,1,1
19,20121029,2,2
19,20121029,3,3
19,20121029,4,4
19,20121030,1,1
19,20121030,2,2
19,20121030,3,3
19,20121030,4,4
19,20121031,1,1
19,20121031,3,3
19,20121101,1,1
19,20121101,4,4
19,20121102,1,1
19,20121103,2,2
19,20121103,3,3
19,20121104,2,2
19,20121104,3,3
19,20121104,4,4
19,20121105,1,1
19,20121105,2,2
19,20121105,4,4
20,20121023,3,3
20,20121023,4,4
20,20121024,1,1
20,20121024,2,2
20,20121024,3,3
20,20121024,4,4
20,20121025,1,1
20,20121025,3,3
20,20121025,4,4
20,20121026,1,1
20,20121026,2,2
20,20121026,3,3
20,20121027,2,2
20,20121027,3,3
20,20121027,4,4
20,20121028,1,1
20,20121028,3,3
20,20121029,3,3
20,20121030,2,2
20,20121030,3,3
20,20121031,4,4
22,20121029,2,6
22,20121029,3,3
22,20121029,4,4
22,20121030,1,1
22,20121030,2,2
22,20121030,3,3
22,20121030,4,4
22,20121031,1,1
22,20121031,2,2
22,20121031,3,3
22,20121031,4,4
22,20121101,1,1
22,20121101,2,2
22,20121101,3,3
22,20121101,4,4
22,20121102,1,1
22,20121102,2,2
22,20121102,3,3
22,20121102,4,4
22,20121103,1,1
22,20121104,1,1
22,20121104,2,2
22,20121104,4,4
22,20121105,1,1
22,20121105,2,2
22,20121105,3,3
22,20121105,4,4
23,20121207,4,4
23,20121208,2,2
23,20121209,3,3
23,20121209,4,4
23,20121210,1,1
23,20121210,2,2
23,20121210,3,3
23,20121210,4,4
23,20121211,1,1
23,20121211,2,2
23,20121211,3,3
23,20121211,4,4
23,20121212,1,1
23,20121212,2,2
23,20121212,3,3
23,20121212,4,4
23,20121213,1,1
23,20121213,2,2
23,20121213,4,4
23,20121214,1,1
23,20121214,2,2
23,20121215,2,2
23,20121215,3,3
23,20121215,4,4
23,20121216,1,1
23,20121216,3,3
23,20121216,4,4
23,20121217,1,1
23,20121217,3,3
23,20121217,4,4
23,20121218,2,2
23,20121218,4,4
23,20121219,1,1
23,20121219,2,2
23,20121219,3,3
23,20121219,4,4
23,20121220,1,1
23,20121220,2,2
23,20121220,3,3
23,20121220,4,4
23,20121221,1,1
23,20121221,2,2
23,20121221,3,3
26,20121030,3,6
26,20121030,4,4
26,20121031,1,1
26,20121031,2,2
26,20121031,3,3
26,20121031,4,4
26,20121101,1,1
26,20121101,2,2
26,20121101,3,3
26,20121101,4,4
26,20121102,1,1
26,20121102,2,2
26,20121102,3,3
26,20121102,4,4
26,20121103,2,2
26,20121103,3,3
26,20121103,4,4
26,20121104,3,3
26,20121105,1,1
26,20121105,2,2
26,20121105,4,4
26,20121106,2,2
26,20121106,3,3
26,20121106,4,4
26,20121107,1,1
26,20121107,2,2
26,20121107,4,4
26,20121108,1,1
26,20121108,3,3
26,20121108,4,4
26,20121109,1,1
26,20121109,3,3
26,20121109,4,4
26,20121110,1,1
26,20121110,3,3
26,20121110,4,4
26,20121111,2,2
26,20121111,3,3
26,20121111,4,4
26,20121112,1,1
26,20121112,2,2
26,20121112,3,3
26,20121112,4,4
26,20121113,2,2
26,20121113,3,3
26,20121113,4,4
27,20121022,2,6
27,20121022,3,3
27,20121022,4,4
27,20121023,1,1
27,20121023,2,2
27,20121023,4,4
27,20121024,1,1
27,20121024,2,2
27,20121024,3,3
27,20121025,1,1
27,20121025,2,2
27,20121025,4,4
27,20121026,1,1
27,20121026,2,2
27,20121026,3,3
27,20121026,4,4
27,20121027,3,3
27,20121027,4,4
27,20121028,3,3
27,20121028,4,4
27,20121029,1,1
27,20121029,2,2
27,20121029,3,3
27,20121029,4,4
27,20121030,1,1
27,20121030,4,4
27,20121031,4,4
27,20121101,1,1
27,20121101,3,3
27,20121102,1,1
27,20121103,3,3
27,20121103,4,4
27,20121104,1,1
27,20121105,1,1
27,20121105,2,2
31,20121023,2,2
31,20121023,3,3
31,20121023,4,4
31,20121024,1,1
31,20121024,2,2
31,20121024,3,3
31,20121024,4,4
31,20121025,1,1
31,20121025,3,3
31,20121026,1,1
31,20121026,3,3
31,20121026,4,4
31,20121027,2,2
31,20121028,1,1
31,20121029,2,2
31,20121029,4,4
31,20121030,2,2
31,20121030,4,4
31,20121031,2,2
31,20121101,2,2
31,20121101,3,3
31,20121101,4,4
31,20121102,1,1
31,20121102,2,2
31,20121103,1,1
31,20121103,2,2
31,20121105,2,2
32,20121102,3,3
32,20121102,4,4
32,20121103,1,1
32,20121103,4,4
32,20121104,1,1
32,20121104,2,2
32,20121104,4,4
32,20121105,1,1
32,20121105,2,2
32,20121105,3,3
32,20121105,4,4
32,20121106,1,1
32,20121106,2,2
32,20121106,3,3
32,20121106,4,4
32,20121107,1,1
32,20121107,2,2
32,20121107,3,3
32,20121107,4,4
32,20121108,1,1
32,20121108,2,2
32,20121109,1,1
32,20121109,2,2
32,20121109,3,3
32,20121109,4,4
32,20121110,1,1
32,20121110,2,2
32,20121110,3,3
32,20121110,4,4
32,20121111,1,1
32,20121111,2,2
32,20121111,3,3
32,20121111,4,4
32,20121112,1,1
32,20121112,2,2
32,20121112,3,3
32,20121112,4,4
32,20121113,1,1
32,20121113,2,2
32,20121113,3,3
32,20121113,4,4
32,20121114,1,1
32,20121114,2,2
32,20121114,3,3
32,20121114,4,4
32,20121115,1,1
32,20121115,2,2
32,20121115,3,3
35,20121026,1,6
35,20121026,3,3
35,20121026,4,4
35,20121027,1,1
35,20121027,2,2
35,20121027,3,3
35,20121027,4,4
35,20121028,1,1
35,20121028,2,2
35,20121028,3,3
35,20121028,4,4
35,20121029,1,1
35,20121029,2,2
35,20121029,3,3
35,20121029,4,4
35,20121030,1,1
35,20121030,2,2
35,20121030,3,3
35,20121030,4,4
35,20121031,1,1
35,20121031,2,2
35,20121031,3,3
35,20121031,4,4
35,20121101,1,1
35,20121101,2,2
35,20121101,4,4
35,20121102,1,1
35,20121102,2,2
35,20121102,3,3
35,20121102,4,4
35,20121103,1,1
35,20121103,2,2
35,20121103,3,3
35,20121103,4,4
35,20121104,1,1
35,20121104,2,2
35,20121104,3,3
35,20121104,4,4
35,20121105,1,1
35,20121105,2,2
35,20121105,4,4
35,20121106,1,1
35,20121106,2,2
35,20121106,3,3
35,20121106,4,4
35,20121107,1,1
35,20121107,2,2
35,20121107,3,3
35,20121107,4,4
35,20121108,1,1
35,20121108,2,2
35,20121108,3,3
35,20121108,4,4
35,20121109,1,1
35,20121109,2,2
35,20121109,3,3
36,20121102,1,6
36,20121102,2,2
36,20121102,3,3
36,20121102,4,4
36,20121103,1,1
36,20121103,2,2
36,20121103,3,3
36,20121104,1,1
36,20121104,2,2
36,20121104,3,3
36,20121104,4,4
36,20121105,2,2
36,20121105,3,3
36,20121105,4,4
36,20121106,1,1
36,20121106,3,3
36,20121106,4,4
36,20121107,1,1
36,20121107,2,2
36,20121107,3,3
36,20121107,4,4
36,20121108,1,1
36,20121108,3,3
36,20121108,4,4
36,20121109,1,1
36,20121109,2,2
36,20121109,3,3
36,20121109,4,4
36,20121110,2,2
36,20121110,4,4
36,20121111,1,1
36,20121111,2,2
36,20121111,3,3
36,20121111,4,4
36,20121112,2,2
36,20121112,4,4
36,20121113,3,3
36,20121113,4,4
36,20121114,4,4
36,20121115,3,3
37,20121102,2,6
37,20121102,3,3
37,20121102,4,4
37,20121103,1,1
37,20121103,2,2
37,20121103,3,3
37,20121103,4,4
37,20121105,1,1
37,20121105,2,2
37,20121105,4,4
37,20121106,1,1
37,20121106,2,2
37,20121106,4,4
37,20121107,2,2
37,20121107,4,4
37,20121108,1,1
37,20121109,1,1
37,20121111,2,2
37,20121111,3,3
37,20121112,1,1
37,20121112,3,3
37,20121112,4,4
37,20121113,1,1
37,20121113,3,3
37,20121115,2,2
40,20121026,1,6
40,20121026,4,4
40,20121027,1,1
40,20121027,2,2
40,20121027,3,3
40,20121027,4,4
40,20121028,1,1
40,20121028,2,2
40,20121028,3,3
40,20121028,4,4
40,20121029,1,1
40,20121029,2,2
40,20121029,3,3
40,20121029,4,4
40,20121030,1,1
40,20121030,2,2
40,20121030,3,3
40,20121030,4,4
40,20121031,1,1
40,20121031,2,2
40,20121031,3,3
40,20121031,4,4
40,20121101,1,1
40,20121101,2,2
40,20121101,3,3
40,20121101,4,4
40,20121102,1,1
40,20121102,2,2
40,20121102,3,3
40,20121102,4,4
40,20121103,1,1
40,20121103,2,2
40,20121103,3,3
40,20121103,4,4
40,20121104,1,1
40,20121104,2,2
40,20121104,3,3
40,20121104,4,4
40,20121105,1,1
40,20121105,2,2
40,20121105,3,3
40,20121105,4,4
40,20121106,1,1
40,20121106,2,2
41,20121102,1,6
41,20121102,2,2
41,20121102,4,4
41,20121103,2,2
41,20121103,3,3
41,20121104,3,3
41,20121104,4,4
41,20121105,1,1
41,20121105,4,4
41,20121107,1,1
41,20121107,3,3
41,20121107,4,4
41,20121108,1,1
41,20121108,2,2
41,20121110,1,1
41,20121110,2,2
41,20121110,3,3
41,20121111,3,3
41,20121112,2,2
41,20121112,3,3
41,20121112,4,4
41,20121114,1,1
41,20121114,2,2
41,20121115,1,1
44,20121106,2,6
44,20121106,4,4
44,20121107,1,1
44,20121107,2,2
44,20121107,3,3
44,20121107,4,4
44,20121108,1,1
44,20121108,3,3
44,20121108,4,4
44,20121109,1,1
44,20121109,2,2
44,20121109,4,4
44,20121110,2,2
44,20121110,3,3
44,20121110,4,4
44,20121111,1,1
44,20121111,2,2
44,20121111,3,3
44,20121111,4,4
44,20121112,1,1
44,20121112,4,4
44,20121113,2,2
44,20121113,3,3
44,20121113,4,4
44,20121114,1,1
44,20121114,3,3
44,20121114,4,4
44,20121115,1,1
44,20121115,2,2
44,20121116,2,2
44,20121116,3,3
44,20121116,4,4
44,20121117,2,2
44,20121117,3,3
44,20121117,4,4
44,20121118,1,1
44,20121118,2,2
44,20121118,3,3
44,20121118,4,4
44,20121119,1,1
44,20121119,2,2
45,20121109,2,6
45,20121109,4,4
45,20121110,1,1
45,20121110,2,2
45,20121110,3,3
45,20121110,4,4
45,20121111,1,1
45,20121111,2,2
45,20121111,3,3
45,20121111,4,4
45,20121112,1,1
45,20121112,2,2
45,20121112,3,3
45,20121112,4,4
45,20121113,1,1
45,20121113,2,2
45,20121113,3,3
45,20121113,4,4
45,20121114,1,1
45,20121114,2,2
45,20121114,3,3
45,20121114,4,4
45,20121115,1,1
45,20121115,2,2
45,20121115,4,4
45,20121116,2,2
45,20121116,3,3
45,20121116,4,4
45,20121117,1,1
45,20121117,2,2
45,20121117,3,3
45,20121117,4,4
45,20121118,1,1
45,20121118,2,2
45,20121118,3,3
45,20121118,4,4
45,20121119,1,1
45,20121119,2,2
45,20121119,3,3
45,20121119,4,4
45,20121120,1,1
45,20121120,2,2
45,20121120,3,3
45,20121120,4,4
46,20121102,2,6
46,20121103,2,2
46,20121104,3,3
46,20121105,1,1
46,20121105,2,2
46,20121105,3,3
46,20121107,3,3
46,20121108,1,1
46,20121108,3,3
46,20121110,2,2
46,20121111,1,1
46,20121111,2,2
46,20121112,1,1
46,20121112,2,2
46,20121112,4,4
46,20121114,1,1
46,20121114,3,3
47,20121110,1,6
47,20121110,2,2
47,20121110,3,3
47,20121110,4,4
47,20121111,2,2
47,20121111,3,3
47,20121111,4,4
47,20121112,1,1
47,20121112,2,2
47,20121112,3,3
47,20121112,4,4
47,20121113,3,3
47,20121114,1,1
47,20121114,2,2
47,20121115,2,2
47,20121115,3,3
47,20121115,4,4
47,20121117,2,2
47,20121117,3,3
47,20121117,4,4
47,20121118,4,4
47,20121119,3,3
47,20121124,1,1
48,20121106,1,6
48,20121106,2,2
48,20121106,3,3
48,20121106,4,4
48,20121107,1,1
48,20121107,2,2
48,20121107,3,3
48,20121107,4,4
48,20121108,1,1
48,20121108,2,2
48,20121108,3,3
48,20121108,4,4
48,20121109,1,1
48,20121109,2,2
48,20121109,3,3
48,20121109,4,4
48,20121110,1,1
48,20121110,2,2
48,20121110,3,3
48,20121110,4,4
48,20121111,2,2
48,20121111,3,3
48,20121112,1,1
48,20121112,2,2
48,20121112,3,3
48,20121112,4,4
48,20121113,1,1
48,20121113,2,2
48,20121114,1,1
48,20121114,2,2
48,20121114,3,3
48,20121114,4,4
48,20121115,1,1
48,20121115,2,2
48,20121116,3,3
48,20121117,1,1
48,20121118,2,2
48,20121118,3,3
49,20121106,1,6
49,20121106,3,3
49,20121106,4,4
49,20121107,1,1
49,20121107,2,2
49,20121107,3,3
49,20121107,4,4
49,20121108,2,2
49,20121108,3,3
49,20121108,4,4
49,20121109,1,1
49,20121109,2,2
49,20121109,3,3
49,20121109,4,4
49,20121111,3,3
49,20121112,2,2
49,20121114,4,4
49,20121115,2,2
49,20121116,2,2
49,20121117,3,3
51,20121109,3,6
51,20121109,4,4
51,20121110,1,1
51,20121110,2,2
51,20121110,3,3
51,20121110,4,4
51,20121111,1,1
51,20121111,2,2
51,20121111,3,3
51,20121111,4,4
51,20121112,1,1
51,20121112,2,2
51,20121112,3,3
51,20121112,4,4
51,20121113,1,1
51,20121113,2,2
51,20121113,3,3
51,20121113,4,4
51,20121114,1,1
51,20121114,2,2
51,20121114,3,3
51,20121114,4,4
51,20121115,1,1
51,20121115,2,2
51,20121115,3,3
51,20121115,4,4
51,20121116,2,2
51,20121116,3,3
51,20121116,4,4
51,20121117,1,1
51,20121117,2,2
51,20121117,3,3
51,20121117,4,4
51,20121118,1,1
51,20121118,2,2
51,20121118,3,3
51,20121118,4,4
51,20121119,1,1
51,20121119,2,2
51,20121119,3,3
51,20121119,4,4
51,20121120,1,1
51,20121120,2,2
51,20121120,3,3
51,20121120,4,4
52,20121113,2,6
52,20121113,3,3
52,20121113,4,4
52,20121114,1,1
52,20121114,2,2
52,20121114,3,3
52,20121114,4,4
52,20121115,1,1
52,20121115,2,2
52,20121115,3,3
52,20121115,4,4
52,20121116,2,2
52,20121116,3,3
52,20121116,4,4
52,20121117,3,3
52,20121117,4,4
52,20121118,2,2
52,20121118,3,3
52,20121118,4,4
52,20121119,1,1
52,20121119,2,2
52,20121119,3,3
52,20121119,4,4
52,20121120,1,1
52,20121120,2,2
52,20121120,3,3
52,20121120,4,4
52,20121124,4,4
52,20121125,2,2
52,20121125,3,3
52,20121125,4,4
52,20121126,1,1
52,20121126,2,2
52,20121126,3,3
52,20121126,4,4
52,20121127,1,1
52,20121127,2,2
52,20121127,3,3
53,20121109,3,6
53,20121109,3,3
53,20121110,1,1
53,20121110,2,2
53,20121110,3,3
53,20121110,4,4
53,20121111,1,1
53,20121111,2,2
53,20121111,3,3
53,20121111,4,4
53,20121112,1,1
53,20121112,2,2
53,20121112,3,3
53,20121112,4,4
53,20121113,1,1
53,20121113,2,2
53,20121113,3,3
53,20121113,4,4
53,20121114,2,2
53,20121114,3,3
53,20121115,1,1
53,20121115,2,2
53,20121115,3,3
53,20121115,4,4
53,20121116,2,2
53,20121117,1,1
53,20121117,2,2
53,20121117,3,3
53,20121118,1,1
53,20121118,2,2
53,20121118,4,4
53,20121119,1,1
53,20121119,3,3
53,20121119,4,4
53,20121120,3,3
53,20121120,4,4
54,20121109,1,6
54,20121109,3,3
54,20121109,4,4
54,20121110,1,1
54,20121110,2,2
54,20121110,3,3
54,20121110,4,4
54,20121111,1,1
54,20121111,2,2
54,20121111,3,3
54,20121111,4,4
54,20121112,1,1
54,20121112,2,2
54,20121112,3,3
54,20121112,4,4
54,20121113,1,1
54,20121113,2,2
54,20121113,3,3
54,20121113,4,4
54,20121114,1,1
54,20121114,2,2
54,20121114,3,3
54,20121114,4,4
54,20121115,1,1
54,20121115,2,2
54,20121115,3,3
54,20121115,4,4
54,20121116,2,2
54,20121116,3,3
54,20121116,4,4
54,20121117,1,1
54,20121117,2,2
54,20121117,3,3
54,20121117,4,4
54,20121118,1,1
54,20121118,2,2
54,20121118,3,3
54,20121118,4,4
54,20121119,1,1
54,20121119,2,2
54,20121119,3,3
54,20121119,4,4
54,20121120,1,1
54,20121120,2,2
54,20121120,3,3
56,20121130,2,6
56,20121203,2,2
56,20121203,3,3
56,20121203,4,4
56,20121204,1,1
56,20121204,2,2
56,20121204,3,3
56,20121204,4,4
56,20121205,2,2
56,20121205,3,3
56,20121205,4,4
56,20121206,1,1
56,20121206,2,2
56,20121206,3,3
56,20121206,4,4
56,20121207,1,1
56,20121207,2,2
56,20121207,3,3
56,20121208,4,4
56,20121209,2,2
56,20121209,4,4
56,20121210,1,1
56,20121210,2,2
56,20121210,3,3
56,20121210,4,4
56,20121211,1,1
56,20121211,2,2
56,20121211,3,3
56,20121211,4,4
56,20121212,1,1
56,20121212,2,2
56,20121212,3,3
56,20121212,4,4
57,20121116,1,6
57,20121116,2,2
57,20121116,4,4
57,20121117,1,1
57,20121117,2,2
57,20121117,3,3
57,20121117,4,4
57,20121118,4,4
57,20121119,1,1
57,20121119,2,2
57,20121119,3,3
57,20121119,4,4
57,20121120,1,1
57,20121120,2,2
57,20121120,3,3
57,20121120,4,4
57,20121125,1,1
57,20121125,2,2
57,20121125,3,3
57,20121126,1,1
57,20121126,2,2
57,20121126,3,3
57,20121127,1,1
57,20121128,1,1
57,20121128,2,2
57,20121128,4,4
59,20121113,1,6
59,20121113,2,2
59,20121113,3,3
59,20121113,4,4
59,20121114,1,1
59,20121114,2,2
59,20121114,3,3
59,20121115,1,1
59,20121115,2,2
59,20121115,3,3
59,20121116,2,2
59,20121116,4,4
59,20121117,4,4
59,20121119,1,1
59,20121119,2,2
59,20121119,3,3
59,20121119,4,4
59,20121120,1,1
59,20121120,2,2
59,20121120,3,3
59,20121120,4,4
59,20121125,4,4
59,20121126,1,1
59,20121126,3,3
59,20121127,1,1
59,20121127,2,2
59,20121127,3,3
60,20121109,1,6
60,20121109,2,2
60,20121109,3,3
60,20121109,4,4
60,20121110,2,2
60,20121110,3,3
60,20121110,4,4
60,20121111,1,1
60,20121111,2,2
60,20121111,3,3
60,20121111,4,4
60,20121112,1,1
60,20121112,2,2
60,20121112,3,3
60,20121112,4,4
60,20121113,1,1
60,20121113,2,2
60,20121113,3,3
60,20121113,4,4
60,20121114,2,2
60,20121114,3,3
60,20121114,4,4
60,20121115,1,1
60,20121115,2,2
60,20121115,3,3
60,20121115,4,4
60,20121116,2,2
60,20121117,2,2
60,20121118,4,4
60,20121119,1,1
60,20121119,4,4
60,20121120,1,1
60,20121120,2,2
61,20121109,2,6
61,20121109,3,3
61,20121110,1,1
61,20121110,3,3
61,20121110,4,4
61,20121111,1,1
61,20121111,2,2
61,20121111,3,3
61,20121111,4,4
61,20121112,1,1
61,20121112,2,2
61,20121112,3,3
61,20121112,4,4
61,20121113,1,1
61,20121113,2,2
61,20121113,3,3
61,20121113,4,4
61,20121114,1,1
61,20121114,2,2
61,20121114,4,4
61,20121115,1,1
61,20121115,2,2
61,20121116,2,2
61,20121116,3,3
61,20121116,4,4
61,20121117,3,3
61,20121117,4,4
61,20121118,2,2
61,20121119,1,1
61,20121119,3,3
61,20121119,4,4
61,20121120,1,1
61,20121120,2,2
61,20121120,3,3
62,20121113,1,6
62,20121113,4,4
62,20121114,1,1
62,20121114,2,2
62,20121114,3,3
62,20121114,4,4
62,20121115,3,3
62,20121116,2,2
62,20121116,3,3
62,20121116,4,4
62,20121117,1,1
62,20121117,2,2
62,20121117,4,4
62,20121118,1,1
62,20121118,2,2
62,20121118,3,3
62,20121119,2,2
62,20121119,3,3
62,20121119,4,4
62,20121120,1,1
62,20121120,2,2
62,20121120,4,4
62,20121124,1,1
62,20121124,2,2
62,20121125,1,1
62,20121125,2,2
62,20121126,2,2
64,20121128,1,6
64,20121128,2,2
64,20121128,3,3
64,20121128,4,4
64,20121129,1,1
64,20121129,2,2
64,20121129,3,3
64,20121129,4,4
64,20121130,1,1
64,20121130,4,4
64,20121201,1,1
64,20121201,2,2
64,20121201,4,4
64,20121202,2,2
64,20121202,3,3
64,20121202,4,4
64,20121203,2,2
64,20121203,3,3
64,20121203,4,4
64,20121204,2,2
64,20121204,4,4
64,20121205,1,1
64,20121205,2,2
64,20121205,4,4
64,20121206,1,1
64,20121206,2,2
64,20121206,4,4
64,20121207,1,1
64,20121207,2,2
64,20121208,2,2
64,20121209,3,3
64,20121209,4,4
64,20121210,2,2
64,20121210,3,5
68,20121130,1,6
68,20121202,2,2
68,20121202,3,3
68,20121202,4,4
68,20121203,1,1
68,20121203,2,2
68,20121203,3,3
68,20121203,4,4
68,20121204,1,1
68,20121204,2,2
68,20121206,1,1
68,20121209,2,2
68,20121209,3,3
68,20121210,4,4
69,20121128,2,2
69,20121128,3,3
69,20121128,4,4
69,20121130,1,1
69,20121130,2,2
69,20121130,4,4
69,20121202,1,1
69,20121202,3,3
69,20121202,4,4
69,20121204,3,3
69,20121205,2,2
70,20121117,1,6
70,20121117,2,2
70,20121117,3,3
70,20121117,4,4
70,20121118,1,1
70,20121118,2,2
70,20121118,3,3
70,20121118,4,4
70,20121119,1,1
70,20121119,2,2
70,20121119,3,3
70,20121119,4,4
70,20121120,2,2
70,20121120,3,3
70,20121120,4,4
70,20121129,3,3
70,20121201,2,2
70,20121201,3,5
71,20121201,1,6
71,20121201,3,3
71,20121201,4,4
71,20121202,1,1
71,20121202,2,2
71,20121202,3,3
71,20121202,4,4
71,20121203,1,1
71,20121203,2,2
71,20121203,3,3
71,20121203,4,4
71,20121204,1,1
71,20121204,2,2
71,20121204,3,3
71,20121205,1,1
71,20121205,2,2
71,20121205,3,3
71,20121206,1,1
71,20121206,2,2
71,20121206,3,3
71,20121206,4,4
71,20121207,1,1
71,20121209,4,4
71,20121210,2,2
71,20121210,3,5
72,20121116,2,2
72,20121116,3,3
72,20121116,4,4
72,20121117,1,1
72,20121117,2,2
72,20121117,4,4
72,20121118,2,2
72,20121119,2,2
72,20121119,3,3
72,20121120,3,3
72,20121125,2,2
72,20121127,3,3
73,20121116,3,6
73,20121116,4,4
73,20121117,2,2
73,20121117,4,4
73,20121118,1,1
73,20121118,2,2
73,20121118,4,4
73,20121124,3,3
73,20121125,2,2
73,20121127,1,1
73,20121128,3,3
74,20121130,3,6
74,20121201,3,3
74,20121201,4,4
74,20121202,2,2
74,20121202,3,3
74,20121202,4,4
74,20121203,1,1
74,20121203,2,2
74,20121203,3,3
74,20121203,4,4
74,20121204,2,2
74,20121204,3,3
74,20121204,4,4
74,20121205,2,2
74,20121205,3,3
74,20121205,4,4
74,20121206,1,1
74,20121206,2,2
74,20121206,3,3
74,20121206,4,4
74,20121207,1,1
74,20121207,2,2
74,20121207,3,3
74,20121207,4,4
74,20121208,2,2
74,20121208,3,3
74,20121208,4,4
74,20121209,1,1
74,20121209,2,2
74,20121209,3,3
74,20121209,4,4
74,20121210,1,1
74,20121210,2,2
74,20121210,3,3
74,20121210,4,4
74,20121211,1,1
74,20121211,2,2
74,20121211,3,3
74,20121211,4,4
74,20121212,1,1
74,20121212,2,2
74,20121212,3,3
74,20121212,4,4
78,20121208,1,6
78,20121210,1,1
78,20121211,3,3
78,20121212,1,1
78,20121212,2,2
78,20121212,4,4
79,20121127,2,6
79,20121128,2,2
79,20121129,1,1
79,20121129,3,3
79,20121130,1,1
79,20121201,1,1
79,20121202,4,4
79,20121203,1,1
80,20121204,3,3
80,20121204,4,4
80,20121205,1,1
80,20121205,2,2
80,20121205,3,3
80,20121205,4,4
80,20121206,1,1
80,20121206,2,2
80,20121206,3,3
80,20121206,4,4
80,20121207,1,1
80,20121207,4,4
80,20121208,2,2
80,20121208,3,3
80,20121208,4,4
80,20121209,2,2
80,20121209,3,3
80,20121209,4,4
80,20121210,2,2
80,20121210,3,3
80,20121210,4,4
80,20121211,2,2
80,20121211,3,3
80,20121211,4,4
80,20121212,1,1
80,20121212,4,4
80,20121214,1,1
80,20121214,2,2
80,20121214,3,3
80,20121216,2,2
81,20130129,2,6
81,20130129,3,3
81,20130129,4,4
81,20130130,3,3
81,20130130,4,4
81,20130131,1,1
81,20130131,2,2
81,20130131,3,3
81,20130131,4,4
81,20130201,2,2
81,20130201,4,4
81,20130202,3,3
81,20130202,4,4
81,20130203,1,1
81,20130203,2,2
81,20130203,3,3
81,20130203,4,4
81,20130204,4,4
81,20130205,1,1
81,20130205,2,2
81,20130205,4,4
81,20130206,1,1
81,20130208,2,2
81,20130208,4,4
81,20130209,1,1
81,20130209,2,2
81,20130209,3,3
81,20130209,4,4
81,20130210,1,1
81,20130210,3,3
81,20130210,4,4
81,20130211,3,3
81,20130212,3,3
81,20130212,4,4
83,20121206,3,6
83,20121207,2,2
83,20121207,4,4
83,20121208,1,1
83,20121208,2,2
85,20121207,2,6
85,20121207,3,3
85,20121207,4,4
85,20121208,1,1
85,20121208,3,3
85,20121208,4,4
85,20121209,1,1
85,20121209,2,2
85,20121209,4,4
85,20121210,1,1
85,20121210,2,2
85,20121210,3,3
85,20121210,4,4
85,20121211,2,2
85,20121211,3,3
85,20121211,4,4
85,20121212,1,1
85,20121212,2,2
85,20121212,3,3
85,20121213,2,2
85,20121214,1,1
85,20121214,3,3
85,20121215,2,2
85,20121215,3,3
85,20121221,4,4
86,20130202,1,6
86,20130202,2,2
86,20130202,3,3
86,20130202,4,4
86,20130203,1,1
86,20130203,2,2
86,20130203,3,3
86,20130203,4,4
86,20130204,1,1
86,20130204,2,2
86,20130204,3,3
86,20130204,4,4
86,20130205,1,1
86,20130205,2,2
86,20130205,3,3
86,20130205,4,4
86,20130207,2,2
86,20130207,3,3
86,20130207,4,4
86,20130208,2,2
86,20130208,4,4
86,20130209,1,1
86,20130209,2,2
86,20130209,3,3
86,20130209,4,4
86,20130210,1,1
86,20130210,2,2
86,20130210,3,3
86,20130210,4,4
86,20130211,1,1
86,20130211,2,2
86,20130211,4,4
86,20130212,1,1
86,20130212,2,2
86,20130212,3,3
86,20130212,4,4
86,20130213,2,2
86,20130213,3,3
86,20130214,1,1
86,20130214,2,2
86,20130214,3,3
86,20130215,1,1
86,20130215,2,2
86,20130215,3,3
86,20130216,1,1
86,20130216,2,2
87,20130130,2,6
87,20130131,1,1
87,20130131,2,2
87,20130131,3,3
87,20130131,4,4
87,20130201,1,1
87,20130201,2,2
87,20130201,3,3
87,20130201,4,4
87,20130202,1,1
87,20130202,2,2
87,20130202,3,3
87,20130202,4,4
87,20130203,1,1
87,20130203,2,2
87,20130203,3,3
87,20130203,4,4
87,20130204,1,1
87,20130204,2,2
87,20130204,3,3
87,20130204,4,4
87,20130205,1,1
87,20130205,2,2
87,20130205,3,3
87,20130205,4,4
87,20130206,1,1
87,20130206,2,2
87,20130206,3,3
87,20130206,4,4
87,20130207,1,1
87,20130207,2,2
87,20130207,3,3
87,20130207,4,4
87,20130208,1,1
87,20130208,3,3
87,20130208,4,4
87,20130209,1,1
87,20130209,2,2
87,20130209,3,3
87,20130209,4,4
87,20130210,1,1
87,20130210,2,2
87,20130210,3,3
87,20130210,4,4
87,20130211,1,1
87,20130211,2,2
87,20130211,3,3
87,20130211,4,4
87,20130212,1,1
87,20130212,2,2
87,20130212,3,3
87,20130212,4,4
87,20130213,1,1
87,20130213,2,2
87,20130213,4,4
88,20130130,2,6
88,20130130,3,3
88,20130130,4,4
88,20130131,1,1
88,20130131,2,2
88,20130131,3,3
88,20130131,4,4
88,20130201,1,1
88,20130201,2,2
88,20130201,3,3
88,20130201,4,4
88,20130202,1,1
88,20130202,2,2
88,20130202,3,3
88,20130203,1,1
88,20130203,2,2
88,20130203,3,3
88,20130203,4,4
88,20130204,1,1
88,20130204,2,2
88,20130204,3,3
88,20130204,4,4
88,20130205,1,1
88,20130205,2,2
88,20130205,3,3
88,20130205,4,4
88,20130206,1,1
88,20130206,2,2
88,20130206,3,3
88,20130206,4,4
88,20130207,1,1
88,20130207,2,2
88,20130207,4,4
88,20130208,1,1
88,20130208,2,2
88,20130208,4,4
88,20130209,1,1
88,20130209,2,2
88,20130209,3,3
88,20130209,4,4
88,20130210,1,1
88,20130210,2,2
88,20130210,4,4
88,20130211,1,1
88,20130211,2,2
88,20130211,3,3
88,20130211,4,4
88,20130212,1,1
88,20130212,2,2
88,20130212,4,4
89,20130129,1,6
89,20130130,1,1
89,20130130,2,2
89,20130130,3,3
89,20130130,4,4
89,20130131,1,1
89,20130131,2,2
89,20130131,3,3
89,20130131,4,4
89,20130201,1,1
89,20130201,2,2
89,20130201,3,3
89,20130201,4,4
89,20130202,1,1
89,20130202,2,2
89,20130202,3,3
89,20130203,1,1
89,20130203,3,3
89,20130203,4,4
89,20130204,1,1
89,20130204,2,2
89,20130204,3,3
89,20130204,4,4
89,20130205,1,1
89,20130205,2,2
89,20130205,3,3
89,20130205,4,4
89,20130206,1,1
89,20130206,2,2
89,20130206,3,3
89,20130206,4,4
89,20130207,1,1
89,20130207,2,2
89,20130207,3,3
89,20130207,4,4
89,20130208,1,1
89,20130208,2,2
89,20130208,3,3
89,20130208,4,4
89,20130209,1,1
89,20130209,2,2
89,20130209,3,3
89,20130209,4,4
89,20130210,1,1
89,20130210,2,2
89,20130210,3,3
89,20130210,4,4
89,20130211,1,1
89,20130211,2,2
89,20130211,4,4
89,20130212,1,1
89,20130212,2,2
89,20130212,3,3
89,20130212,4,4
90,20130201,3,6
90,20130201,4,4
90,20130202,1,1
90,20130202,2,2
90,20130202,3,3
90,20130202,4,4
90,20130203,1,1
90,20130203,2,2
90,20130203,3,3
90,20130203,4,4
90,20130204,1,1
90,20130204,2,2
90,20130204,3,3
90,20130204,4,4
90,20130205,1,1
90,20130205,2,2
90,20130205,3,3
90,20130205,4,4
90,20130206,1,1
90,20130206,2,2
90,20130206,3,3
90,20130207,1,1
90,20130207,2,2
90,20130207,4,4
90,20130208,1,1
90,20130208,3,3
90,20130208,4,4
90,20130209,2,2
90,20130210,3,3
90,20130210,4,4
90,20130211,2,2
90,20130211,3,3
90,20130212,3,3
90,20130212,4,4
91,20130130,2,6
91,20130130,3,3
91,20130130,4,4
91,20130131,1,1
91,20130131,3,3
91,20130131,4,4
91,20130201,1,1
91,20130201,3,3
91,20130201,4,4
91,20130202,1,1
91,20130202,3,3
91,20130202,4,4
91,20130203,1,1
91,20130203,2,2
91,20130203,3,3
91,20130204,3,3
91,20130204,4,4
91,20130205,1,1
91,20130205,2,2
91,20130205,3,3
91,20130206,1,1
91,20130206,2,2
91,20130206,4,4
91,20130207,1,1
91,20130207,3,3
91,20130207,4,4
91,20130208,1,1
91,20130208,2,2
91,20130209,1,1
91,20130209,2,2
91,20130209,3,3
91,20130210,3,3
91,20130211,1,1
91,20130211,4,4
91,20130213,4,4
92,20130201,3,6
92,20130202,3,3
92,20130203,1,1
92,20130203,2,2
92,20130203,3,3
92,20130203,4,4
92,20130204,1,1
92,20130204,2,2
92,20130204,3,3
92,20130204,4,4
92,20130205,1,1
92,20130205,2,2
92,20130205,3,3
92,20130205,4,4
92,20130206,1,1
92,20130206,2,2
92,20130206,3,3
92,20130206,4,4
92,20130207,1,1
92,20130207,2,2
92,20130207,3,3
92,20130208,1,1
92,20130208,2,2
92,20130208,3,3
92,20130208,4,4
92,20130209,2,2
92,20130209,4,4
92,20130210,2,2
92,20130210,3,3
92,20130211,1,1
92,20130211,2,2
92,20130211,3,3
92,20130212,1,1
92,20130212,2,2
92,20130212,3,3
92,20130212,4,4
92,20130213,1,1
92,20130213,3,3
92,20130213,4,4
92,20130214,1,1
92,20130214,2,2
92,20130214,3,3
92,20130214,4,4
92,20130215,1,1
92,20130215,2,2
92,20130215,4,4
93,20130201,1,6
93,20130203,2,2
93,20130203,3,3
93,20130203,4,4
93,20130204,1,1
93,20130204,2,2
93,20130204,3,3
93,20130204,4,4
93,20130205,1,1
93,20130205,2,2
93,20130205,3,3
93,20130205,4,4
93,20130206,1,1
93,20130206,2,2
93,20130206,3,3
93,20130206,4,4
93,20130207,1,1
93,20130207,2,2
93,20130207,3,3
93,20130207,4,4
93,20130208,1,1
93,20130208,2,2
93,20130208,3,3
93,20130208,4,4
93,20130211,3,3
94,20130202,1,6
94,20130202,2,2
94,20130202,3,3
94,20130202,4,4
94,20130203,1,1
94,20130203,2,2
94,20130203,3,3
94,20130203,4,4
94,20130204,1,1
94,20130204,2,2
94,20130204,3,3
94,20130204,4,4
94,20130205,1,1
94,20130205,2,2
94,20130205,3,3
94,20130205,4,4
94,20130207,1,1
94,20130207,3,3
94,20130207,4,4
94,20130208,1,1
94,20130209,3,3
94,20130209,4,4
94,20130210,1,1
94,20130210,2,2
94,20130210,3,3
94,20130210,4,4
94,20130211,1,1
94,20130211,2,2
94,20130211,3,3
94,20130211,4,4
94,20130212,1,1
94,20130212,3,3
94,20130212,4,4
94,20130213,1,1
94,20130213,2,2
94,20130213,3,3
94,20130213,4,4
94,20130214,1,1
94,20130214,3,3
94,20130214,4,4
94,20130215,1,1
94,20130215,3,3
94,20130215,4,4
94,20130216,2,2
94,20130216,3,3
95,20130202,1,6
95,20130202,2,2
95,20130202,3,3
95,20130202,4,4
95,20130203,1,1
95,20130203,3,3
95,20130203,4,4
95,20130204,1,1
95,20130204,2,2
95,20130204,4,4
95,20130205,1,1
95,20130205,2,2
95,20130205,4,4
95,20130206,2,2
95,20130206,4,4
95,20130207,1,1
95,20130207,3,3
95,20130207,4,4
95,20130208,1,1
95,20130210,1,1
95,20130210,4,4
95,20130211,1,1
95,20130211,3,3
95,20130211,4,4
95,20130212,1,1
95,20130212,2,2
95,20130213,1,1
95,20130215,1,1
95,20130216,2,2
97,20130201,1,6
97,20130203,1,1
97,20130203,2,2
97,20130203,3,3
97,20130203,4,4
97,20130204,1,1
97,20130204,2,2
97,20130204,3,3
97,20130204,4,4
97,20130205,1,1
97,20130205,3,3
97,20130205,4,4
97,20130206,2,2
97,20130206,3,3
97,20130206,4,4
97,20130207,1,1
97,20130207,2,2
97,20130207,3,3
97,20130207,4,4
97,20130208,1,1
97,20130208,2,2
97,20130208,3,3
97,20130208,4,4
97,20130209,1,1
97,20130209,2,2
97,20130209,3,3
97,20130209,4,4
97,20130210,1,1
97,20130210,2,2
97,20130210,3,3
97,20130210,4,4
97,20130211,1,1
97,20130211,2,2
97,20130211,3,3
97,20130211,4,4
97,20130212,1,1
97,20130212,3,3
97,20130212,4,4
97,20130213,1,1
97,20130213,2,2
97,20130213,3,3
97,20130213,4,4
97,20130214,3,3
97,20130214,4,4
97,20130215,1,1
97,20130215,2,2
97,20130215,3,3
97,20130215,4,4
98,20130202,2,6
98,20130203,2,2
98,20130203,3,3
98,20130203,4,4
98,20130204,1,1
98,20130204,2,2
98,20130204,3,3
98,20130204,4,4
98,20130205,1,1
98,20130205,2,2
98,20130205,3,3
98,20130205,4,4
98,20130206,1,1
98,20130206,2,2
98,20130206,3,3
98,20130206,4,4
98,20130207,1,1
98,20130207,2,2
98,20130208,1,1
98,20130208,2,2
98,20130208,3,3
98,20130208,4,4
98,20130209,1,1
98,20130209,2,2
98,20130209,3,3
98,20130209,4,4
98,20130210,2,2
98,20130210,3,3
98,20130210,4,4
98,20130211,1,1
98,20130211,2,2
98,20130211,3,3
98,20130211,4,4
98,20130212,1,1
98,20130212,4,4
98,20130213,1,1
98,20130213,2,2
98,20130213,4,4
98,20130214,2,2
98,20130214,4,4
98,20130215,2,2
98,20130216,1,1
98,20130216,2,2
98,20130216,3,3
